tweet_id,username,name,profile_picture,replies,retweets,likes,is_retweet,posted_time,content,hashtags,mentions,images,videos,tweet_url,link
1631293304322097154,BarackObama,Barack Obama,https://pbs.twimg.com/profile_images/1329647526807543809/2SGvnHYV_x96.jpg,841,3072,19615,False,2023-03-02T14:00:06+00:00,"“Fired up. Ready to go!” Edith Childs understands the power of a single voice, and she used those words to light up a room during my campaign stop in Greenwood, SC back in 2007.

I recently caught up with Edith, who just retired after 24 years in public service. Take a look:",[],[],['https://pbs.twimg.com/media/FqLSrxeWYAAfhOr.jpg'],['blob:https://twitter.com/6842e2da-b55e-4be1-9673-a5c61abbffc7'],https://twitter.com/BarackObama/status/1631293304322097154,
1630615307759894638,BarackObama,Barack Obama,https://pbs.twimg.com/profile_images/1329647526807543809/2SGvnHYV_x96.jpg,591,1267,7118,True,2023-02-28T17:05:59+00:00,"Real change happens one person, one community, one connection at a time. If you’re an emerging leader in Chicago, Detroit, or Jackson — I hope you’ll check out this new initiative to bring people from different backgrounds together to help solve local problems.",[],[],['https://pbs.twimg.com/media/FqB_YfmXsAAMwA8.jpg'],['blob:https://twitter.com/7b6f5a8b-b168-448c-9c0b-f4fab02d9cf3'],https://twitter.com/BarackObama/status/1630615307759894638,
1630336174509154304,BarackObama,Barack Obama,https://pbs.twimg.com/profile_images/1329647526807543809/2SGvnHYV_x96.jpg,403,877,6992,True,2023-02-27T22:36:48+00:00,"I’m so proud of the work we’ve done at 
@MBK_Alliance
, and the young men who’ve been a part of this community. And we're not done yet. We’ll keep working to make sure even more boys and young men reach their full potential.",[],['MBK_Alliance'],"['https://pbs.twimg.com/media/Fp_gF5uXwAICYCp?format=jpg&name=900x900', 'https://pbs.twimg.com/media/Fp_gF5tWwAAnwfN?format=jpg&name=900x900']",[],https://twitter.com/BarackObama/status/1630336174509154304,
1628055907040124928,BarackObama,Barack Obama,https://pbs.twimg.com/profile_images/1329647526807543809/2SGvnHYV_x96.jpg,1077,1454,10100,False,2023-02-21T15:35:50+00:00,"I’m excited to announce that 105 inspiring young people from across Africa, Asia-Pacific, and Europe will be joining the 
@ObamaFoundation
 Leaders program. 

I am so proud of all of you, and I can't wait to see what you do.",[],['ObamaFoundation'],['https://pbs.twimg.com/media/FpgAq6baYAA_AZh.jpg'],['blob:https://twitter.com/efdbb058-f259-44a8-950d-eec2f8a455ca'],https://twitter.com/BarackObama/status/1628055907040124928,
1627361243689254914,BarackObama,Barack Obama,https://pbs.twimg.com/profile_images/1329647526807543809/2SGvnHYV_x96.jpg,599,1364,10080,False,2023-02-19T17:35:30+00:00,"Dr. Blank's four years serving in my administration was just one part of her extraordinary life. Whether in government or academia, she devoted her career to reducing inequality and increasing opportunities for others, and made everyone around her better.",[],[],[],[],https://twitter.com/BarackObama/status/1627361243689254914,https://t.co/wMGjRAacfN
1625495400470958082,BarackObama,Barack Obama,https://pbs.twimg.com/profile_images/1329647526807543809/2SGvnHYV_x96.jpg,10247,19536,433338,False,2023-02-14T14:01:18+00:00,"Happy Valentine’s Day to the one and only, 
@MichelleObama
. You make every day feel like an adventure.",[],['MichelleObama'],['https://pbs.twimg.com/media/Fo7rcoYaMAEKyde?format=jpg&name=medium'],[],https://twitter.com/BarackObama/status/1625495400470958082,
1625143593286438912,BarackObama,Barack Obama,https://pbs.twimg.com/profile_images/1329647526807543809/2SGvnHYV_x96.jpg,668,2172,29708,False,2023-02-13T14:43:21+00:00,"Congratulations to the Kansas City 
@Chiefs
, Patrick Mahomes, Travis Kelce and Andy Reid for a great Super Bowl win and for sustained excellence. And shout out to the 
@Eagles
 and Jalen Hurts—outstanding competitors with a bright future.",[],"['Chiefs', 'Eagles']",[],[],https://twitter.com/BarackObama/status/1625143593286438912,
1623489922438156288,BarackObama,Barack Obama,https://pbs.twimg.com/profile_images/1329647526807543809/2SGvnHYV_x96.jpg,102,738,9136,True,2023-02-09T01:12:15+00:00,"@KingJames
 has been changing the game for 20 years, and has become a leader on and off the court. Congrats on making history.",[],['KingJames'],['https://pbs.twimg.com/media/Foa05Y7agAIi54c?format=jpg&name=medium'],[],https://twitter.com/BarackObama/status/1623489922438156288,
1622770990710235136,BarackObama,Barack Obama,https://pbs.twimg.com/profile_images/1329647526807543809/2SGvnHYV_x96.jpg,1145,2687,14117,True,2023-02-07T01:35:28+00:00,"The scale of devastation after the earthquakes in Türkiye and Syria is almost unimaginable. Michelle and I are thinking of the thousands of people who have been affected, including Syrian refugees. Here are some resources for anyone looking to help.",[],[],[],[],https://twitter.com/BarackObama/status/1622770990710235136,
1620905252533997568,BarackObama,Barack Obama,https://pbs.twimg.com/profile_images/1329647526807543809/2SGvnHYV_x96.jpg,602,1663,12830,False,2023-02-01T22:01:41+00:00,"At my last Black History Month celebration at the White House, we had folks of all ages come together to celebrate—including Clark Reynolds. I hope we'll continue to build a brighter future for young people like him.",[],[],['https://pbs.twimg.com/media/Fn6bCF3XoAUrZd2?format=jpg&name=medium'],[],https://twitter.com/BarackObama/status/1620905252533997568,
1620905250742730756,BarackObama,Barack Obama,https://pbs.twimg.com/profile_images/1329647526807543809/2SGvnHYV_x96.jpg,3017,6254,45652,False,2023-02-01T22:01:41+00:00,"Black History Month is about the shared experience of all Black Americans whose lives have shaped, challenged, and ultimately strengthened America.",[],[],[],[],https://twitter.com/BarackObama/status/1620905250742730756,
1619398759175319553,BarackObama,Barack Obama,https://pbs.twimg.com/profile_images/1329647526807543809/2SGvnHYV_x96.jpg,1125,3677,17463,False,2023-01-28T18:15:25+00:00,"Along with mourning Tyre and supporting his family, it’s up to all of us to mobilize for lasting change. To learn more about how communities can reimagine public safety to prevent both crime and injustice, go to http://obama.org/anguish-and-action….",[],[],[],[],https://twitter.com/BarackObama/status/1619398759175319553,https://t.co/I39Nsel4vs
1619398691621584898,BarackObama,Barack Obama,https://pbs.twimg.com/profile_images/1329647526807543809/2SGvnHYV_x96.jpg,6806,16742,108429,False,2023-01-28T18:15:09+00:00,"The vicious, unjustified beating of Tyre Nichols and his ultimate death at the hands of five Memphis police officers is just the latest, painful reminder of how far America still has to go in fixing how we police our streets.",[],[],['https://pbs.twimg.com/media/FnlB3tWXEAEpdKH?format=jpg&name=medium'],[],https://twitter.com/BarackObama/status/1619398691621584898,
1618981966891864065,BarackObama,Barack Obama,https://pbs.twimg.com/profile_images/1329647526807543809/2SGvnHYV_x96.jpg,352,818,5771,False,2023-01-27T14:39:14+00:00,"I asked Jeff Zients to handle some of our toughest challenges and, without fail, his leadership proved invaluable. He led my economic team as we pushed our most progressive economic policies, and I know he’ll serve 
@POTUS
 and the American people well in this new role.",[],['POTUS'],[],[],https://twitter.com/BarackObama/status/1618981966891864065,
1618981965117652992,BarackObama,Barack Obama,https://pbs.twimg.com/profile_images/1329647526807543809/2SGvnHYV_x96.jpg,1661,2288,21690,False,2023-01-27T14:39:14+00:00,"Being 
@WHCOS
 is never easy, but Ron Klain has done an outstanding job. From distributing millions of vaccines to passing a bipartisan infrastructure bill, Ron has helped 
@POTUS
 keep his promises.",[],"['WHCOS', 'POTUS']",[],[],https://twitter.com/BarackObama/status/1618981965117652992,
1618266306624749569,BarackObama,Barack Obama,https://pbs.twimg.com/profile_images/1329647526807543809/2SGvnHYV_x96.jpg,221,484,2678,False,2023-01-25T15:15:28+00:00,"We believe that if young people who are passionate about public service get financial aid for college, exposure to travel, and the networks they need to make a difference, the sky's the limit.

I hope you'll apply by March 22.",[],[],[],[],https://twitter.com/BarackObama/status/1618266306624749569,https://t.co/IGJNIOwmkI
1618266190652084224,BarackObama,Barack Obama,https://pbs.twimg.com/profile_images/1329647526807543809/2SGvnHYV_x96.jpg,486,857,5803,False,2023-01-25T15:15:00+00:00,".
@Bchesky
 and I were excited to meet with the inaugural class of Voyager Scholarship recipients at our Summit last year.

And we're proud to announce that applications for the second class of Voyagers are now open: http://voyager-scholarship.obama.org",[],['Bchesky'],['https://pbs.twimg.com/media/FnU1uoWXgAAYhtd.jpg'],['blob:https://twitter.com/0b2a769d-3dd3-4f87-b118-9aa60ae75faf'],https://twitter.com/BarackObama/status/1618266190652084224,
1617175432541114368,BarackObama,Barack Obama,https://pbs.twimg.com/profile_images/1329647526807543809/2SGvnHYV_x96.jpg,1077,1607,11523,False,2023-01-22T15:00:43+00:00,I hope you’ll join with the activists who’ve been sounding the alarm on this issue for years — and act. Stand with them at a local protest. Volunteer with them on a campaign. Donate to their causes. And vote in every election for candidates who will support reproductive rights.,[],[],[],[],https://twitter.com/BarackObama/status/1617175432541114368,
1617175430900994051,BarackObama,Barack Obama,https://pbs.twimg.com/profile_images/1329647526807543809/2SGvnHYV_x96.jpg,12343,17739,104771,False,2023-01-22T15:00:43+00:00,"On what would have been the 50th anniversary of Roe v. Wade, we’re reminded that progress can move backward. And that means we’ve got to recommit to doing our part to protect and expand reproductive rights for families today — and for generations to come.",[],[],[],[],https://twitter.com/BarackObama/status/1617175430900994051,
1616587330701123584,BarackObama,Barack Obama,https://pbs.twimg.com/profile_images/1329647526807543809/2SGvnHYV_x96.jpg,9590,9708,106079,False,2023-01-21T00:03:49+00:00,"Prime Minister 
@JacindaArdern
 has guided New Zealand through crises and seized opportunities by leading with foresight, integrity and empathy. Her country is better off because of her remarkable leadership—and the rest of us are too.",[],['JacindaArdern'],['https://pbs.twimg.com/media/Fm9FeeUXgAAet7y?format=jpg&name=medium'],[],https://twitter.com/BarackObama/status/1616587330701123584,
1616557042625400848,BarackObama,Barack Obama,https://pbs.twimg.com/profile_images/1329647526807543809/2SGvnHYV_x96.jpg,370,755,4769,True,2023-01-20T22:03:27+00:00,"Proud to see 
@SecBlinken
 visiting my hometown of Chicago! The Ukrainian community has always been a big part of what makes our city special—and today, with Ukraine on democracy’s frontline, that's as true as it's ever been.",[],['SecBlinken'],"['https://pbs.twimg.com/media/Fm7ygyJXEA44S5o?format=jpg&name=medium', 'https://pbs.twimg.com/media/Fm7yxGzXEAIyOy3?format=jpg&name=small', 'https://pbs.twimg.com/media/Fm7ylz5XEA00zHf?format=jpg&name=small']",[],https://twitter.com/BarackObama/status/1616557042625400848,
1616519132035403776,BarackObama,Barack Obama,https://pbs.twimg.com/profile_images/1329647526807543809/2SGvnHYV_x96.jpg,445,1117,7199,False,2023-01-20T19:32:49+00:00,All this while solidifying our alliances and offering a guiding hand during a time of increasing global conflict and upheaval. I’m grateful for all that President Biden and Vice President Harris have done for the American people. And I know they’re just getting started.,[],[],[],[],https://twitter.com/BarackObama/status/1616519132035403776,
1616519130965835781,BarackObama,Barack Obama,https://pbs.twimg.com/profile_images/1329647526807543809/2SGvnHYV_x96.jpg,252,965,7636,False,2023-01-20T19:32:48+00:00,"And for the first time in nearly 30 years, Congress was able to pass significant gun safety legislation to help save lives.",[],[],[],[],https://twitter.com/BarackObama/status/1616519130965835781,
1616519129778847758,BarackObama,Barack Obama,https://pbs.twimg.com/profile_images/1329647526807543809/2SGvnHYV_x96.jpg,238,822,5399,False,2023-01-20T19:32:48+00:00,"Under the leadership of the Biden-Harris administration, our economy has added more than 10.7 million jobs. President Biden also worked across the aisle to rebuild our infrastructure and invest in American manufacturing.",[],[],[],[],https://twitter.com/BarackObama/status/1616519129778847758,
1616519128390459392,BarackObama,Barack Obama,https://pbs.twimg.com/profile_images/1329647526807543809/2SGvnHYV_x96.jpg,345,834,5166,False,2023-01-20T19:32:48+00:00,They’ve strengthened the Affordable Care Act. They’ve lowered health care costs for seniors. They’ve capped the costs of insulin. They’ve distributed hundreds of millions of free vaccines.,[],[],[],[],https://twitter.com/BarackObama/status/1616519128390459392,
1616519126469742592,BarackObama,Barack Obama,https://pbs.twimg.com/profile_images/1329647526807543809/2SGvnHYV_x96.jpg,14409,12172,96718,False,2023-01-20T19:32:47+00:00,"Today marks two years since the Biden-Harris administration began. I’ve been reflecting on how fortunate we’ve been to have the steady leadership of 
@POTUS
 and 
@VP
—and all the public servants working to deliver for folks across the country.",[],"['POTUS', 'VP']",['https://pbs.twimg.com/media/Fm8Gz48XgAkFrgB?format=jpg&name=medium'],[],https://twitter.com/BarackObama/status/1616519126469742592,
1615771022862548995,BarackObama,Barack Obama,https://pbs.twimg.com/profile_images/1329647526807543809/2SGvnHYV_x96.jpg,595,1243,5733,False,2023-01-18T18:00:06+00:00,"Applications are now open for our new 
@ObamaFoundation
 Leaders USA program.

We're looking for passionate emerging leaders from every corner of the country, ages 24 to 45, who are making an impact in their community.

I hope you'll apply by February 3 at http://obama.org/usa-23.",[],['ObamaFoundation'],['https://pbs.twimg.com/media/FmxPOvVWABIiGzB.jpg'],['blob:https://twitter.com/a243354c-15de-4ee9-94ba-77998bd41c91'],https://twitter.com/BarackObama/status/1615771022862548995,
1615348849240834048,BarackObama,Barack Obama,https://pbs.twimg.com/profile_images/1329647526807543809/2SGvnHYV_x96.jpg,9251,18676,335261,False,2023-01-17T14:02:32+00:00,"Happy birthday, 
@MichelleObama
. You make every day brighter — and somehow keep looking better!",[],['MichelleObama'],['https://pbs.twimg.com/media/FmrfN4UXoAAewgl?format=jpg&name=medium'],[],https://twitter.com/BarackObama/status/1615348849240834048,
1615100038409248769,BarackObama,Barack Obama,https://pbs.twimg.com/profile_images/1329647526807543809/2SGvnHYV_x96.jpg,653,1930,17356,False,2023-01-16T21:33:50+00:00,"Today we pay tribute to the extraordinary life and legacy of Dr. King, and reflect on the lessons he taught us. Thanks to everyone who joined the 
@ObamaFoundation
 to lend a hand in Chicago.",[],['ObamaFoundation'],"['https://pbs.twimg.com/media/Fmn87DEXoAYTv7R?format=jpg&name=small', 'https://pbs.twimg.com/media/Fmn87DDXoAgdPSp?format=jpg&name=small', 'https://pbs.twimg.com/media/Fmn87DGXoAY09DE?format=jpg&name=small', 'https://pbs.twimg.com/media/Fmn87DEXkAARPRO?format=jpg&name=small']",[],https://twitter.com/BarackObama/status/1615100038409248769,
1614012089315610636,BarackObama,Barack Obama,https://pbs.twimg.com/profile_images/1329647526807543809/2SGvnHYV_x96.jpg,288,934,4441,False,2023-01-13T21:30:43+00:00,"If you need to get covered, head over to http://Healthcare.gov. Open enrollment ends this Sunday, January 15.",[],[],[],[],https://twitter.com/BarackObama/status/1614012089315610636,
1614012087159726081,BarackObama,Barack Obama,https://pbs.twimg.com/profile_images/1329647526807543809/2SGvnHYV_x96.jpg,1553,1793,15982,False,2023-01-13T21:30:43+00:00,I’ll always be proud to have my name associated with a program that’s helping folks get the health care they need.,[],[],[],[],https://twitter.com/BarackObama/status/1614012087159726081,https://t.co/mnOTx4jdOA
1613574125838110721,BarackObama,Barack Obama,https://pbs.twimg.com/profile_images/1329647526807543809/2SGvnHYV_x96.jpg,5026,4130,28446,False,2023-01-12T16:30:25+00:00,"This week, Illinois joined states across the country in passing a historic gun violence prevention package. This would not have been possible without the work of grassroots organizers, survivors and their families, and lawmakers who channeled their anguish into bold action.",[],[],[],[],https://twitter.com/BarackObama/status/1613574125838110721,
1612941621959573507,BarackObama,Barack Obama,https://pbs.twimg.com/profile_images/1329647526807543809/2SGvnHYV_x96.jpg,355,1454,8746,False,2023-01-10T22:37:04+00:00,"If you haven't already, I hope you’ll take some time to watch Descendant on 
@Netflix
. It's an important documentary that shares the story of the descendants of the Clotilda, the last known ship carrying enslaved folks from Africa, as they uncover the truth about the past.",[],['Netflix'],['https://pbs.twimg.com/media/FmxUvroWAAA8dAD.jpg'],['blob:https://twitter.com/bdefd0e0-ba4b-4a8d-8d24-471475456192'],https://twitter.com/BarackObama/status/1612941621959573507,
1612941617320656896,BarackObama,Barack Obama,https://pbs.twimg.com/profile_images/1329647526807543809/2SGvnHYV_x96.jpg,707,1747,17794,False,2023-01-10T22:37:03+00:00,"Last fall, visual artist Adam Davis captured tintype photos of the descendants of Africatown during the premiere of the 
@HGMedia
 documentary Descendant. He recently took one of me, too. These photos were inspired by the images taken of a Clotilda survivor, Cudjoe Lewis.",[],['HGMedia'],"['https://pbs.twimg.com/media/FmJNoVbWQAIaFPL?format=jpg&name=small', 'https://pbs.twimg.com/media/FmJNo1wXEAAf3an?format=jpg&name=small', 'https://pbs.twimg.com/media/FmJN1efXgAAL_BE?format=jpg&name=900x900', 'https://pbs.twimg.com/media/FmJN2MSXgAAdyzR?format=jpg&name=small']",[],https://twitter.com/BarackObama/status/1612941617320656896,
1612611495560417280,BarackObama,Barack Obama,https://pbs.twimg.com/profile_images/1329647526807543809/2SGvnHYV_x96.jpg,18480,20635,181629,False,2023-01-10T00:45:16+00:00,"The entire world has a stake in the success of Brazil’s democracy. Together, we must reject any effort to overturn or disrupt the will of the Brazilian people and affirm the peaceful transfer of power as a cornerstone of democracy.",[],[],[],[],https://twitter.com/BarackObama/status/1612611495560417280,
1610297526477025288,BarackObama,Barack Obama,https://pbs.twimg.com/profile_images/1329647526807543809/2SGvnHYV_x96.jpg,1635,2562,20982,False,2023-01-03T15:30:22+00:00,"15 years ago today, our campaign won the Iowa caucuses. I’ll always be grateful to the people who organized across the state, and built the relationships that made it all possible.

I recently sat down with six organizers to talk about that time and what they’ve been up to since.",[],[],['https://pbs.twimg.com/media/Fljer3dakAAZAVx.jpg'],['blob:https://twitter.com/22a55a17-e18d-45e6-9544-ce596ab59122'],https://twitter.com/BarackObama/status/1610297526477025288,
1609550132588036102,BarackObama,Barack Obama,https://pbs.twimg.com/profile_images/1329647526807543809/2SGvnHYV_x96.jpg,4353,6737,79846,False,2023-01-01T14:00:30+00:00,"Happy New Year! 

In 2022, people around the world helped change their communities for the better. Let's keep it up in 2023. We’ve still got a lot of work to do, but I’ll be right there with you. 

Here's to a happy, healthy, and peaceful new year.",[],[],[],[],https://twitter.com/BarackObama/status/1609550132588036102,
